{
    "carousel": [
      {
        "trigger_title": "Emotional triggers",
        "trigger_text": "Recognise the emotions leading to gambling urges, such as excitement, frustration, or a desire to escape reality."
      },
      {
        "trigger_title": "Enviromental triggers",
        "trigger_text": "Pay attention to your surroundings. Are specific locations, people, or objects triggering your urge to gamble?"
      },
      {
        "trigger_title": "Social influences",
        "trigger_text": "Identify friends or social situations that encourage or normalise gambling behaviours."
      }
    ]
  }
  