{
    "features": [
      {
        "title": "🌎 Increasing availibility",
        "description": "Online gambling has made gambling more accessible. This means that nowadays it is possible to gamble whenever, wherever. To manage this, time limits are a great way to ensure your gambling does not get out of hand!"
      },
      {
        "title": "🕓 Speed of play",
        "description": "Online gambling has massively increased the speed in which a bet can be placed, for example in-play betting and slots. To manage this, it is important consistently review your playing habits, due to the intensity of this enviroment."
      },
      {
        "title": " 💰 High stakes",
        "description": "Online bookmakers tend not to automatically limit deposits, which can lead to excessive stakes. To manage this it is important to make use of support tools such as deposit limits."
      },
      {
        "title": "❌ Misrepresented wins",
        "description": "Online casinos sometimes display losses as wins, for example winning £5 on a £10 spin is still represented as a win. To manage this it is vital to always look at the net win/loss of the entire session, rather than just one spin or hand."
      },
      {
        "title": "🎯 Near misses",
        "description": "Online bookmakers often style losing selections or bets in a way that makes users want to continue to gamble. For example, by rewarding winning selections with green ticks on a bet that lost, it triggers a success mechanism in the brain, inspiring future gambling. To manage this, it is important to focus on the overall outcome of a bet."
      },
      {
        "title": "🍀 Misrepresented randomness",
        "description": "Casinos often pray on misperceptions of randomness. For example, they often output that last 10 results of the roulette wheel. If it has landed on black for the last 7 spins, a user may beleive that there is a higher chance of it being red on the next spin. However, this is fake and each spin is random, this is called gamblers fallacy. To manage this, it is important to remember that the results of these games are completely random and can not be influenced. "
      }
    ]
  }
  