{
    "games": [
      {
        "title": "Blackjack",
        "description": "Can you get closer to 21 than the dealer?",
        "link": "blackjack.php",
        "link_title": "Play Blackjack!",
        "rules_link": "blackjack-rules.php"

      },
      {
        "title": "Baccarat",
        "description": "Can you get closer to 9 than the dealer?",
        "link": "baccarat.php",
        "link_title": "Play Baccarat!",
        "rules_link": "baccarat-rules.php"



      },
      {
        "title": "Roulette",
        "description": "Spin the wheel and if it lands on your number you win!",
        "link": "roulette.php",
        "link_title": "Play Roulette!",
        "rules_link": "roulette-rules.php"



      }
    ]
  }
  

  