{
    "resources": [
        {
            "img": "../img/gamCare.jpg",
            "alt_text": "Image of GamCare's logo.",
            "title": "GamCare",
            "description": "GamCare is an independent UK charity founded by Paul Bellringer in 1997 to raise awareness and aid those affected by gambling harms across Britain. They offer a variety of services including a 24/7 helpline, a live chat, both on the web and on WhatsApp, and an online community.",
            "link": "https://www.gambleaware.org/tools-and-support/support-in-your-area/service-finder-results/gamcare-national-gambling-helpline/?gad_source=1&gclid=Cj0KCQjwy46_BhDOARIsAIvmcwMfwx_-ZromaQuFMUJiy0rN7325MJnMfgzt0RLNUyVMFv0fFhjBTBAaAtqxEALw_wcB&gclsrc=aw.ds"
        },
        {
            "img": "../img/gamblingTherapy.png",
            "alt_text": "Image of Gordon Moody's logo.",
            "title": "Gordon Moody",
            "description": "Gordon Moody have been offering gambling support for over 50 years. They help people to reclaim and rebuild their lives free from gambling-related harm in safe, supported environments by providing the most effective therapies, intervention, and counselling possible.",
            "link": "https://www.gamblingtherapy.org/"
        },
        {
            "img": "../img/gamblersAnonymous.jpg",
            "alt_text": "Image of Gamblers Anonymous's logo.",
            "title": "Gamblers anonymous",
            "description": "Gamblers anonymous is a fellowship which provides drop-in meetings for problem gamblers. They offer in-person meetings, of which there are around 250 locations across the UK, as well as online meetings. Their aim is to help problem gamblers to talk and listen about their feelings.",
            "link": "https://gamblersanonymous.org.uk/"
        },
        {
            "img": "../img/gamStop.png",
            "alt_text": "Image of Gamstop's logo.",
            "title": "GamStop",
            "description": "GamStop allows users to reduce their online gambling. They allow users to completely exclude themselfs from all UK gambling websites and apps for a certain amount of time.",
            "link": "https://www.gamstop.co.uk/"
        }

      
    ]
}
