{
    "theories": [
      {
        "img": "../img/socialLearningTheory.jpg",
        "alt_text": "Image of the creator of social learning theory.",
        "theory_title": "👁️ Social learning theory",
        "theory_description": "This suggests that an individual learns gambling behaviours from their environment. For example, by observing friends and family engaging in gambling activities, an individual is more likely to engage in that activity themselves."
      },
      {
        "img": "../img/classicalConditioning.jpg",
        "alt_text": "Image of the creator of classical conditioning.",
        "theory_title": "🧠 Classical conditioning",
        "theory_description": "Classical conditioning looks at how an individual can associate together two stimuli, to produce a new response in a person. In terms of a gambling addiction, this may happen when an individual places a bet, and wins. The individual will then associate winning money with gambling, and eventually, the gambling itself even without stimuli of winning money, will continue to trigger excitement and joy, which leads to compulsive behaviours."
      },
      {
        "img": "../img/operantConditioning.jpg",
        "alt_text": "Image of the creator of operant conditioning.",
        "theory_title": "⚖️ Operant conditioning",
        "theory_description": "Operant conditioning believes that gambling behaviour is maintained by positive and negative reinforcers. In this scenario, a reinforcer is an event or circumstance that either, in its presence or absence, makes a given behaviour more likely to be repeated, due to its association with a given response. A positive reinforcer would be winning money from gambling, whilst a negative reinforcer would be the ability to escape the stress of life, in order to chase the high of gambling and winning money. Therefore, by gambling an individual has the opportunity to chase the high of winning money, whilst being able to escape from the stresses of their everyday life, which will lead to repeated patterns of behaviour, and therefore possible addictions."
      }
    ]
}
